{"song":{"player1":"bf","sectionLengths":[],"player2":"bf","notes":[{"typeOfSection":0,"lengthInSteps":16,"sectionNotes":[[0,4,0,true],[83.3333333333333,7,0,true],[250,7,0,true],[333.333333333333,4,0,true],[166.666666666667,0,0,false],[583.333333333333,7,0,true],[666.666666666667,7,0,true],[750,4,0,true],[750,5,0,true],[833.333333333333,6,0,true],[916.666666666667,4,0,true],[916.666666666667,5,0,true],[1000,4,0,true],[1000,5,0,true],[1000,6,0,true],[1083.33333333333,5,0,true],[1083.33333333333,6,0,true],[1166.66666666667,4,0,true],[1166.66666666667,5,0,true],[1166.66666666667,6,0,true],[1250,4,0,true],[1250,6,0,true],[1250,5,0,true],[1250,7,0,true],[166.666666666667,4,0,true],[1166.66666666667,3,0,false],[833.333333333333,3,0,false],[500,3,0,false],[416.666666666667,7,0,true],[710.416666666667,6,0,true],[666.666666666667,6,0,true],[635.416666666667,5,0,true],[614.583333333333,5,0,true],[550,5,0,true],[497.916666666667,5,0,true],[445.833333333333,5,0,true],[408.333333333333,5,0,true],[393.75,5,0,true],[387.5,5,0,true],[362.5,5,0,true],[1114.58333333333,7,0,true],[1095.83333333333,7,0,true],[1039.58333333333,7,0,true],[966.666666666667,7,0,true],[914.583333333333,7,0,true],[883.333333333333,7,0,true],[0,6,0,true],[366.666666666667,6,0,true],[302.083333333333,6,0,true],[252.083333333333,6,0,true],[127.083333333333,6,0,true],[102.083333333333,6,0,true],[91.6666666666667,6,0,true],[558.333333333333,6,0,true],[500,6,0,true],[479.166666666667,6,0,true],[454.166666666667,6,0,true],[677.083333333333,4,0,true],[633.333333333333,4,0,true],[616.666666666667,4,0,true],[597.916666666667,4,0,true],[500,4,0,true]],"mustHitSection":false},{"typeOfSection":0,"lengthInSteps":16,"sectionNotes":[[2166.66666666667,3,0,false],[2500,3,0,false],[1500,3,0,false],[1833.33333333333,3,0,false],[2250,4,0,false],[2416.66666666667,6,0,false],[2583.33333333333,5,0,false],[1333.33333333333,4,0,true],[1737.5,5,0,true],[1693.75,5,0,true],[1645.83333333333,5,0,true],[1539.58333333333,5,0,true],[1506.25,5,0,true],[1460.41666666667,5,0,true],[1433.33333333333,5,0,true],[1412.5,5,0,true],[1377.08333333333,5,0,true],[1350,5,0,true],[1737.5,6,0,true],[1725,6,0,true],[1710.41666666667,6,0,true],[1681.25,6,0,true],[1660.41666666667,6,0,true],[1614.58333333333,6,0,true],[1545.83333333333,6,0,true],[1491.66666666667,6,0,true],[1433.33333333333,6,0,true],[1422.91666666667,6,0,true],[1381.25,6,0,true],[1335.41666666667,6,0,true]],"mustHitSection":false},{"typeOfSection":0,"lengthInSteps":16,"sectionNotes":[[2666,2,0,0],[2833,3,0,0],[3166,3,0,0],[3500,3,0,0],[3833,3,0,0]],"mustHitSection":true},{"typeOfSection":0,"lengthInSteps":16,"sectionNotes":[[4166.66666666667,3,0,false],[4500,3,0,false],[4833.33333333333,3,0,false],[5166.66666666667,3,0,false]],"mustHitSection":true},{"typeOfSection":0,"lengthInSteps":16,"sectionNotes":[[5500,7,0,false],[5833.33333333333,7,0,false],[6166.66666666667,3,0,false],[6500,3,0,false],[5916.66666666667,4,0,false],[6000,5,0,false],[6083.33333333333,6,0,false],[6166.66666666667,5,0,false],[6250,7,0,false],[6333.33333333333,6,0,false],[6416.66666666667,5,0,false],[6500,7,0,false],[6583.33333333333,4,0,false]],"mustHitSection":false},{"typeOfSection":0,"lengthInSteps":16,"sectionNotes":[[6666,3,0,0],[6749,1,0,0],[6833,3,0,0],[6916,0,0,0],[6999,1,0,0],[7250,0,0,false],[7333.33333333333,2,0,false],[7416.66666666667,1,0,false],[7500,3,0,false],[7583.33333333333,1,0,false],[7750,2,0,false],[6916.66666666667,7,0,false],[7250,7,0,false],[7583.33333333333,7,0,false],[7916.66666666667,7,0,false],[7833.33333333333,1,0,false],[7916.66666666667,3,0,false],[7083.33333333333,3,0,false],[7666.66666666667,0,0,false],[7166.66666666667,2,0,false]],"mustHitSection":true},{"typeOfSection":0,"lengthInSteps":16,"sectionNotes":[[8082.33333333333,1,0],[8166.33333333333,3,0],[8249.33333333333,0,0],[8332.33333333333,1,0],[8666.66666666666,2,0],[8750,1,0],[8833.33333333333,3,0],[9083.33333333333,2,0],[8250,7,0],[8583.33333333333,7,0],[8916.66666666666,7,0],[8500,2,0],[8583.33333333333,3,0,false],[8416.66666666667,0,0,false],[8916.66666666667,2,0,false],[9000,1,0,false],[9166.66666666667,3,0,false],[9250,7,0,false],[9250,0,0,false],[8000,1,0,false]],"mustHitSection":true},{"typeOfSection":0,"lengthInSteps":16,"sectionNotes":[[9415.66666666667,1,0],[9499.66666666667,3,0],[9582.66666666667,0,0],[9665.66666666667,1,0],[10166.6666666667,3,0],[10416.6666666667,2,0],[9583.33333333334,7,0],[9916.66666666667,7,0],[10250,7,0],[9833.33333333334,2,0],[9916.66666666667,3,0],[10500,3,0],[10583.3333333333,7,0],[10583.3333333333,0,0],[10000,0,0,false],[10250,0,0,false],[10083.3333333333,2,0,false],[10333.3333333333,3,0,false],[9750,7,0,false],[9333.33333333333,3,0,false],[9750,0,0,false]],"mustHitSection":true},{"typeOfSection":0,"lengthInSteps":16,"sectionNotes":[[10916,3,0],[11250,3,0],[11166,6,0],[11250,7,0],[10750,6,0,0],[10833,4,0,0],[11000,6,0,0],[11083,5,0,0],[11833,3,0,0],[11500,3,0,0],[11416,2,0,0],[11333,0,0,0],[11583,0,0,0],[11666,3,0,0],[11583,7,0,0],[11916,7,0,0],[11750,1,0,0],[11916,2,0,0],[11166.6666666667,3,0,false],[10916.6666666667,7,0,false],[10666.6666666667,6,0,false]],"mustHitSection":false},{"typeOfSection":0,"lengthInSteps":16,"sectionNotes":[[12250,7,0,false],[12583.3333333333,7,0,false],[12916.6666666667,7,0,false],[13250,7,0,false],[12000,1,0,false],[12083.3333333333,3,0,false],[12166.6666666667,1,0,false],[12250,1,0,false],[12333.3333333333,2,0,false],[12416.6666666667,3,0,false],[12500,0,0,false],[12583.3333333333,3,0,false],[12750,0,0,false],[12666.6666666667,1,0,false],[12833.3333333333,2,0,false],[12916.6666666667,3,0,false],[13000,2,0,false],[13083.3333333333,0,0,false],[13166.6666666667,1,0,false],[13250,0,0,false]],"mustHitSection":false},{"typeOfSection":0,"lengthInSteps":16,"sectionNotes":[[13583.3333333333,7,0],[13916.6666666666,7,0],[14250,7,0],[14583.3333333333,7,0],[13583.3333333333,1,0],[13666.6666666667,2,0],[13916.6666666667,3,0],[14083.3333333333,0,0],[14000,1,0],[14250,3,0],[14333.3333333333,2,0],[14416.6666666667,0,0],[14583.3333333333,0,0],[13333.3333333333,2,0,false],[13416.6666666667,1,0,false],[13500,3,0,false],[13750,0,0,false],[13833.3333333333,3,0,false],[14166.6666666667,1,0,false],[14500,2,0,false]],"mustHitSection":false},{"typeOfSection":0,"lengthInSteps":16,"sectionNotes":[[14916.6666666666,7,0],[15249.9999999999,7,0],[15583.3333333333,7,0],[14916.6666666666,1,0],[15250,3,0],[15416.6666666666,0,0],[15333.3333333333,1,0],[15583.3333333333,3,0],[14833.3333333333,3,0],[15083.3333333333,0,0],[14666.6666666667,0,0,false],[15166.6666666667,0,0,false],[15500,2,0,false],[14750,2,0,false],[15000,3,0,false]],"mustHitSection":false},{"typeOfSection":0,"lengthInSteps":16,"sectionNotes":[],"mustHitSection":true},{"typeOfSection":0,"lengthInSteps":16,"sectionNotes":[[17333.3333333333,0,1250,false],[17333.3333333333,1,1250,false],[17333.3333333333,2,1250,false],[17333.3333333333,3,1250,false]],"mustHitSection":false},{"typeOfSection":0,"lengthInSteps":16,"sectionNotes":[[18666.6666666667,0,0,false],[18750,3,333.333333333333,false],[18916.6666666667,1,666.666666666667,false],[18916.6666666667,2,916.666666666666,false],[19916.6666666667,1,0,false]],"mustHitSection":false},{"typeOfSection":0,"lengthInSteps":16,"sectionNotes":[[20000,7,0,0],[20333,7,0,0],[20666,7,0,0],[21000,7,0,0]],"mustHitSection":true},{"typeOfSection":0,"lengthInSteps":16,"sectionNotes":[[21333.3333333333,7,0,false],[21666.6666666667,7,0,false],[22000,7,0,false],[22333.3333333333,7,0,false]],"mustHitSection":true},{"typeOfSection":0,"lengthInSteps":16,"sectionNotes":[],"mustHitSection":true},{"typeOfSection":0,"lengthInSteps":16,"sectionNotes":[],"mustHitSection":false},{"typeOfSection":0,"lengthInSteps":16,"sectionNotes":[],"mustHitSection":true},{"typeOfSection":0,"lengthInSteps":16,"sectionNotes":[],"mustHitSection":false},{"typeOfSection":0,"lengthInSteps":16,"sectionNotes":[],"mustHitSection":true},{"typeOfSection":0,"lengthInSteps":16,"sectionNotes":[],